geo_feature_id,district_name,state_name,normalized_district,normalized_state,state_code,latitude,longitude
1,Kamjong,MN,kamjong,mn,,24.768934949508676,94.47726415324426
2,Anuppur,MP,anuppur,mp,,23.079610277370474,81.6492242330477
3,Ashoknagar,MP,ashoknagar,mp,,24.62056896059909,77.8216655928454
4,Balaghat,MP,balaghat,mp,,21.883241594198736,80.38053925269911
5,Harda,MP,harda,mp,,22.215666584669975,77.12276777864143
6,Narmadapuram,MP,narmadapuram,mp,,22.58799209635458,78.03142578947174
7,Indore,MP,indore,mp,,22.69828395209542,75.81604951652301
8,Jabalpur,MP,jabalpur,mp,,23.22680641146511,80.04124961399893
9,Jhabua,MP,jhabua,mp,,22.88453677371657,74.65226672305864
10,Katni,MP,katni,mp,,23.779241405492314,80.43497055113527
11,Khargone,MP,khargone,mp,,21.979505863147107,75.78500715644671
12,Mandla,MP,mandla,mp,,22.642718691082994,80.53522645902935
13,Pondicherry,PY,pondicherry,py,,11.918741825094264,79.74731368965209
14,Yanam,PY,yanam,py,,16.73574340252697,82.2467240352577
15,Jaipur,RJ,jaipur,rj,,27.039765132599456,75.7798333110032
16,Jaisalmer,RJ,jaisalmer,rj,,26.91031487171715,71.38112974589261
17,Jalore,RJ,jalore,rj,,25.128592428046577,72.26320191724531
18,Jhalawar,RJ,jhalawar,rj,,24.267138487109136,76.14787040351248
19,Jhunjhunu,RJ,jhunjhunu,rj,,28.11520311918609,75.55785695806533
20,Jodhpur,RJ,jodhpur,rj,,26.700598489805966,72.88092110198112
21,Karauli,RJ,karauli,rj,,26.529807067036117,76.93438969754389
22,Kota,RJ,kota,rj,,25.153453045698637,76.17870357771788
23,Nagaur,RJ,nagaur,rj,,27.10465674262874,74.19244895093769
24,Pali,RJ,pali,rj,,25.731867462017828,73.51820195679983
25,Rajsamand,RJ,rajsamand,rj,,25.22865392393129,73.92939346338851
26,Sawai Madhopur,RJ,sawai_madhopur,rj,,26.268186707796552,76.47579571254077
27,Siddharth Nagar,UP,siddharth_nagar,up,,27.2236101216193,82.80602873785392
28,Sitapur,UP,sitapur,up,,27.502729705118355,80.86022732314831
29,Sonbhadra,UP,sonbhadra,up,,24.484236553761225,83.0224239092452
30,Sultanpur,UP,sultanpur,up,,26.264318073266935,82.21901368641728
31,Unnao,UP,unnao,up,,26.618208228676036,80.61984602794381
32,Varanasi,UP,varanasi,up,,25.38394343056981,82.89594870376808
33,Kasganj,UP,kasganj,up,,27.742855201794274,78.83837099512851
34,Amethi,UP,amethi,up,,26.336198483269765,81.67087074295974
35,Sambhal,UP,sambhal,up,,28.47219239507528,78.61151120723457
36,Shamli,UP,shamli,up,,29.497763555701294,77.28097722180743
37,Hapur,UP,hapur,up,,28.718996852396618,77.8855867247417
38,24 Paraganas North,WB,24_paraganas_north,wb,,22.750378462841446,88.76989086896717
39,24 Paraganas South,WB,24_paraganas_south,wb,,22.068948934981066,88.5729083529441
40,Bankura,WB,bankura,wb,,23.101404725686148,87.12673015932144
41,Purba Bardhaman,WB,purba_bardhaman,wb,,23.388885033321053,87.97795507313636
42,Birbhum,WB,birbhum,wb,,24.03204944509345,87.65522944515897
43,Coochbehar,WB,coochbehar,wb,,26.283392016415196,89.32556797274181
44,Darjeeling,WB,darjeeling,wb,,26.822722728925683,88.24750479550059
45,Dinajpur Dakshin,WB,dinajpur_dakshin,wb,,25.361504759348588,88.58826564131566
46,South Andamans,AN,south_andamans,an,,11.847642026374661,92.68391247973177
47,Nicobars,AN,nicobars,an,,7.011277213292907,93.80986272130019
48,North And Middle Andaman,AN,north_and_middle_andaman,an,,12.5929820633225,92.82993378878743
49,Anantapur,AP,anantapur,ap,,14.322804038789064,77.51855501847363
50,Chittoor,AP,chittoor,ap,,13.356446040638819,78.97738715909827
51,Y.S.R.,AP,y.s.r.,ap,,14.481286408039184,78.69827806759093
52,East Godavari,AP,east_godavari,ap,,17.38346771597028,81.86257769634751
53,Guntur,AP,guntur,ap,,16.18317188540271,80.07421640781193
54,Krishna,AP,krishna,ap,,16.661094461649256,80.75629112692445
55,Kurnool,AP,kurnool,ap,,15.454175939772677,77.91992331503411
56,Spsr Nellore,AP,spsr_nellore,ap,,14.383188579545251,79.69537041573685
57,Prakasam,AP,prakasam,ap,,15.658359047914448,79.6749914941894
58,Srikakulam,AP,srikakulam,ap,,18.730060148334378,84.04072675477708
59,Visakhapatanam,AP,visakhapatanam,ap,,18.006246691650755,82.6990360774025
60,Vizianagaram,AP,vizianagaram,ap,,18.507823306884376,83.38977978091886
61,West Godavari,AP,west_godavari,ap,,17.004444380552066,81.28563565461022
62,Changlang,AR,changlang,ar,,27.311937331092675,96.35984077618507
63,Dibang Valley,AR,dibang_valley,ar,,28.82888603449069,95.84220100440767
64,East Kameng,AR,east_kameng,ar,,27.563837056261033,92.9037983049907
65,Lohit,AR,lohit,ar,,27.901309748023408,96.29705438794306
66,Lower Dibang Valley,AR,lower_dibang_valley,ar,,28.30183090665551,95.75908704774781
67,Lower Subansiri,AR,lower_subansiri,ar,,27.505037995044326,93.75046818680526
68,East Siang,AR,east_siang,ar,,28.126516200269084,95.3413219903352
69,Kurung Kumey,AR,kurung_kumey,ar,,27.94341114784638,93.1839961406401
70,Papum Pare,AR,papum_pare,ar,,27.32229170060418,93.59162980803373
71,Tawang,AR,tawang,ar,,27.65589559564058,91.95089224474418
72,Tirap,AR,tirap,ar,,27.03039044323689,95.51517574961035
73,Upper Siang,AR,upper_siang,ar,,28.674595247757082,95.0696412741076
74,Upper Subansiri,AR,upper_subansiri,ar,,28.2360397061018,93.9403106073858
75,West Kameng,AR,west_kameng,ar,,27.35934263769885,92.40955301841807
76,West Siang,AR,west_siang,ar,,28.157352672809786,94.64090320421072
77,Anjaw,AR,anjaw,ar,,28.019166137988183,96.81992577771503
78,Longding,AR,longding,ar,,26.880928924358916,95.32563838846296
79,Kra Daadi,AR,kra_daadi,ar,,28.000126235028073,93.73577892846787
80,Namsai,AR,namsai,ar,,27.659457689985366,96.03908570513116
81,Siang,AR,siang,ar,,28.382705067732452,94.8986585907695
82,Araria,BR,araria,br,,26.204044732891095,87.33185623090665
83,Aurangabad,BR,aurangabad,br,,24.75891074086772,84.44808913698215
84,Kamle,AR,kamle,ar,,27.72701630262805,94.07947789406998
85,Lower Siang,AR,lower_siang,ar,,27.748320027695634,94.63708598642097
86,Banka,BR,banka,br,,24.847670216675006,86.82522282520704
87,Begusarai,BR,begusarai,br,,25.53911179967535,86.12947274097357
88,Bhagalpur,BR,bhagalpur,br,,25.27735721028967,87.06681708195345
89,Bhojpur,BR,bhojpur,br,,25.515480436024465,84.51582039173255
90,Buxar,BR,buxar,br,,25.48242190794678,84.11312381845121
91,Darbhanga,BR,darbhanga,br,,26.085177629078665,86.04336277833082
92,Gaya,BR,gaya,br,,24.67056002468695,84.87990323143292
93,Gopalganj,BR,gopalganj,br,,26.42101435476566,84.39875280742982
94,Pakke Kessang,AR,pakke_kessang,ar,,27.122886690310327,93.06839992935794
95,Jamui,BR,jamui,br,,24.776477070539602,86.26838971564442
96,Jehanabad,BR,jehanabad,br,,25.164610797026356,85.03311342984367
97,Leparada,AR,leparada,ar,,27.932847363788373,94.75907939043262
98,Kaimur (Bhabua),BR,kaimur_(bhabua),br,,25.034348419631797,83.61769337389725
99,Katihar,BR,katihar,br,,25.578846409488463,87.68681797038364
100,Shi Yomi,AR,shi_yomi,ar,,28.59660314951349,94.25482013445291
101,Barpeta,AS,barpeta,as,,26.408090388230438,91.02646594767556
102,Bongaigaon,AS,bongaigaon,as,,26.388399083472947,90.58682457720387
103,Cachar,AS,cachar,as,,24.810552988994107,92.86735756656297
104,Darrang,AS,darrang,as,,26.481926278483993,92.02420147802701
105,Dhemaji,AS,dhemaji,as,,27.548820171551068,94.68020739284215
106,Dhubri,AS,dhubri,as,,26.190417819254023,90.03884370324242
107,Dibrugarh,AS,dibrugarh,as,,27.310406762962334,95.08929118695202
108,Goalpara,AS,goalpara,as,,26.012066370572626,90.62805877261104
109,Golaghat,AS,golaghat,as,,26.372495944020997,93.81648000189382
110,Hailakandi,AS,hailakandi,as,,24.506782113342318,92.5934375182723
111,Jorhat,AS,jorhat,as,,26.663975615682144,94.29594161022237
112,Kamrup,AS,kamrup,as,,26.11047877648829,91.45378744339217
113,Karbi Anglong,AS,karbi_anglong,as,,26.202756376800377,93.38400170604483
114,Karimganj,AS,karimganj,as,,24.662372510857654,92.39025657471393
115,Kokrajhar,AS,kokrajhar,as,,26.375444775398336,90.12802859346118
116,Lakhimpur,AS,lakhimpur,as,,27.153391137713587,94.14535679363333
117,Marigaon,AS,marigaon,as,,26.271464498417053,92.27548110601579
118,Nagaon,AS,nagaon,as,,26.37417811678852,92.859506378138
119,Nalbari,AS,nalbari,as,,26.379940888351012,91.37090641976695
120,Dima Hasao,AS,dima_hasao,as,,25.364400558017977,92.9800520900624
121,Sivasagar,AS,sivasagar,as,,26.966988654412813,94.6806662648602
122,Sonitpur,AS,sonitpur,as,,26.704876253380647,92.67025197101046
123,Tinsukia,AS,tinsukia,as,,27.52242970488735,95.66432317234728
124,Chirang,AS,chirang,as,,26.542654431745266,90.6065683404218
125,Baksa,AS,baksa,as,,26.56813708424302,91.32146650686573
126,Udalguri,AS,udalguri,as,,26.641582909797414,92.06729154402696
127,Kamrup Metro,AS,kamrup_metro,as,,26.113222338512657,91.87932994190535
128,Biswanath,AS,biswanath,as,,26.816600121965063,93.43267655415559
129,Majuli,AS,majuli,as,,26.962652575606892,94.16532832447888
130,South Salmara Mancachar,AS,south_salmara_mancachar,as,,25.78780998774793,89.96806944662647
131,Charaideo,AS,charaideo,as,,27.07395876788499,95.08391828352053
132,Hojai,AS,hojai,as,,25.99287451085859,92.94980297407781
133,West Karbi Anglong,AS,west_karbi_anglong,as,,25.868078437409867,92.5616903344917
134,Khagaria,BR,khagaria,br,,25.53599350279546,86.57412317123335
135,Kishanganj,BR,kishanganj,br,,26.304961164642314,87.97120884481035
136,Lakhisarai,BR,lakhisarai,br,,25.154576789404423,86.10013417381393
137,Madhepura,BR,madhepura,br,,25.781136828607305,86.90765907314281
138,Madhubani,BR,madhubani,br,,26.343412697476392,86.19398672114154
139,Munger,BR,munger,br,,25.19785264740697,86.5398227892344
140,Muzaffarpur,BR,muzaffarpur,br,,26.18985173120025,85.34751964502131
141,Nalanda,BR,nalanda,br,,25.22742426868158,85.49119853330114
142,Nawada,BR,nawada,br,,24.824512142381714,85.61000523172315
143,Pashchim Champaran,BR,pashchim_champaran,br,,27.06621010681972,84.31682815649297
144,Patna,BR,patna,br,,25.416873780168075,85.29401795360374
145,Purbi Champaran,BR,purbi_champaran,br,,26.592064971718358,84.96741320567816
146,Purnia,BR,purnia,br,,25.80933128607805,87.43181787991657
147,Rohtas,BR,rohtas,br,,24.99569328357546,83.95554365530502
148,Saharsa,BR,saharsa,br,,25.823915684503007,86.57096958269382
149,Samastipur,BR,samastipur,br,,25.771111547481258,85.92784170516678
150,Saran,BR,saran,br,,25.89952052554199,84.80904258549546
151,Sheikhpura,BR,sheikhpura,br,,25.125909170972854,85.82865318889527
152,Sheohar,BR,sheohar,br,,26.481532010064004,85.30895504084977
153,Sitamarhi,BR,sitamarhi,br,,26.496927042206167,85.53924652424098
154,Siwan,BR,siwan,br,,26.178176592537852,84.40674503705257
155,Supaul,BR,supaul,br,,26.229499498232514,86.76671250982928
156,Vaishali,BR,vaishali,br,,25.79970391272818,85.39950066662185
157,Arwal,BR,arwal,br,,25.163510871661888,84.70311735873621
158,Bastar,CG,bastar,cg,,19.1138419977536,81.81965554024946
159,Bilaspur,CG,bilaspur,cg,,22.187103226410624,82.09202384861617
160,Dantewada,CG,dantewada,cg,,18.770961998605177,81.42432095591973
161,Dhamtari,CG,dhamtari,cg,,20.562545547117878,81.76181468015872
162,Durg,CG,durg,cg,,21.206799395365337,81.37261301616078
163,Janjgir-Champa,CG,janjgir-champa,cg,,21.965513073667935,82.76247961045274
164,Jashpur,CG,jashpur,cg,,22.78778423631672,83.8555015026322
165,Kanker,CG,kanker,cg,,20.096147803136994,81.04673023496852
166,Kabirdham,CG,kabirdham,cg,,22.09045018123,81.22725564163153
167,Korba,CG,korba,cg,,22.50755398638502,82.58896764631166
168,Korea,CG,korea,cg,,23.491771603303633,82.16429022726369
169,Mahasamund,CG,mahasamund,cg,,21.21667786413236,82.65202617496408
170,Raigarh,CG,raigarh,cg,,22.02783941060894,83.29652951569497
171,Raipur,CG,raipur,cg,,21.309607490346135,81.80769563085683
172,Rajnandgaon,CG,rajnandgaon,cg,,20.960399691763378,80.81293914887908
173,Surguja,CG,surguja,cg,,22.924216768363735,83.24610142269864
174,Bijapur,CG,bijapur,cg,,18.757166709956188,80.8051764550307
175,Narayanpur,CG,narayanpur,cg,,19.504254322432427,81.06034097465519
176,Sukma,CG,sukma,cg,,18.332545452119966,81.38516621809892
177,Kondagaon,CG,kondagaon,cg,,19.657439814932243,81.63409667929153
178,Baloda Bazar,CG,baloda_bazar,cg,,21.54905183210202,82.30521495202822
179,Gariyaband,CG,gariyaband,cg,,20.34222129735979,82.29075292638792
180,Balod,CG,balod,cg,,20.76633577865793,81.19105014302139
181,Mungeli,CG,mungeli,cg,,22.228601593561102,81.76126672940505
182,Surajpur,CG,surajpur,cg,,23.379265570459328,82.87747911068145
183,Balrampur,CG,balrampur,cg,,23.59656301432441,83.4313254105161
184,Bemetara,CG,bemetara,cg,,21.71718028509829,81.50641147679605
185,Gaurella Pendra Marwahi,CG,gaurella_pendra_marwahi,cg,,22.80731418578433,81.99595834162291
186,Chandigarh,CH,chandigarh,ch,,30.73209607605133,76.78538433208432
187,Daman,DH,daman,dh,,20.4128423073227,72.86828124557981
188,New Delhi,DL,new_delhi,dl,,28.571931161274566,77.15462573062344
189,North,DL,north,dl,,28.788001919873043,77.11161311034273
190,North East,DL,north_east,dl,,28.72493922316492,77.25150915712511
191,North West,DL,north_west,dl,,28.722217553666127,77.06799709930634
192,South,DL,south,dl,,28.49151281728357,77.18995261465568
193,South West,DL,south_west,dl,,28.579102036811317,76.98633532360518
194,West,DL,west,dl,,28.653725399890156,77.065982795247
195,South East,DL,south_east,dl,,28.544529662275934,77.27276043371793
196,Shahdara,DL,shahdara,dl,,28.675118038521514,77.29159878930368
197,Diu,DH,diu,dh,,20.721701055235158,70.94366454338751
198,Central,DL,central,dl,,28.69728234967774,77.20938252369504
199,Dadra And Nagar Haveli,DH,dadra_and_nagar_haveli,dh,,20.195712281345198,73.08400816137753
200,North Goa,GA,north_goa,ga,,15.556350584418851,73.998805509843
201,South Goa,GA,south_goa,ga,,15.199108996747253,74.10153079971697
202,Ahmadabad,GJ,ahmadabad,gj,,22.844181272916988,72.25261199005553
203,Amreli,GJ,amreli,gj,,21.433087455452,71.24870627111818
204,East,DL,east,dl,,28.61479983424066,77.29512129714453
205,Anand,GJ,anand,gj,,22.50479764241389,72.78550087614701
206,Banas Kantha,GJ,banas_kantha,gj,,24.251981187634453,72.00478589126843
207,Bharuch,GJ,bharuch,gj,,21.75225320537411,72.94681783796355
208,Bhavnagar,GJ,bhavnagar,gj,,21.51799686245857,71.81708602662263
209,Dang,GJ,dang,gj,,20.80213507850393,73.69115484370555
210,Dohad,GJ,dohad,gj,,22.892648675424393,74.07687009773844
211,Gandhinagar,GJ,gandhinagar,gj,,23.233268552513792,72.67911012411017
212,Jamnagar,GJ,jamnagar,gj,,22.276298099850774,70.17009980415041
213,Junagadh,GJ,junagadh,gj,,21.388375257333337,70.469582020115
214,Kachchh,GJ,kachchh,gj,,23.59036293595318,70.27100956819193
215,Kheda,GJ,kheda,gj,,22.80978345785291,72.91122918080096
216,Mahesana,GJ,mahesana,gj,,23.571094975697324,72.42728246763407
217,Narmada,GJ,narmada,gj,,21.74031331002513,73.67169909957413
218,Navsari,GJ,navsari,gj,,20.828034198241557,73.12332475446053
219,Panch Mahals,GJ,panch_mahals,gj,,22.712182148050402,73.64605234022154
220,Patan,GJ,patan,gj,,23.80701165984109,71.78868734926215
221,Porbandar,GJ,porbandar,gj,,21.698049247534858,69.81887170228308
222,Rajkot,GJ,rajkot,gj,,22.076393725997306,70.76903480191031
223,Sabar Kantha,GJ,sabar_kantha,gj,,23.832171158278253,73.06387449558976
224,Surat,GJ,surat,gj,,21.231440933258547,73.12241332237755
225,Surendranagar,GJ,surendranagar,gj,,22.83698027864158,71.58223879685855
226,Vadodara,GJ,vadodara,gj,,22.262260851575917,73.24176488502384
227,Valsad,GJ,valsad,gj,,20.372015090461304,73.1066381923761
228,Tapi,GJ,tapi,gj,,21.213301537059298,73.71701912304545
229,Chhotaudepur,GJ,chhotaudepur,gj,,22.252289841441684,73.89175488513025
230,Mahisagar,GJ,mahisagar,gj,,23.16981968120169,73.66339349985822
231,Arvalli,GJ,arvalli,gj,,23.49026076938506,73.28706608568764
232,Morbi,GJ,morbi,gj,,22.85786218947608,70.92451330679867
233,Devbhumi Dwarka,GJ,devbhumi_dwarka,gj,,22.19112485805641,69.52845821215713
234,Gir Somnath,GJ,gir_somnath,gj,,20.979044802917695,70.75436176327572
235,Botad,GJ,botad,gj,,22.066222551844525,71.68244274354619
236,Bilaspur,HP,bilaspur,hp,,31.376309456193635,76.65050406697364
237,Chamba,HP,chamba,hp,,32.642100736610594,76.36267571886492
238,Hamirpur,HP,hamirpur,hp,,31.662448558460135,76.5310764734201
239,Kangra,HP,kangra,hp,,32.133475564366464,76.37582531271413
240,Kinnaur,HP,kinnaur,hp,,31.57262968178603,78.38041771641518
241,Kullu,HP,kullu,hp,,31.890655695633946,77.41223674376167
242,Lahul And Spiti,HP,lahul_and_spiti,hp,,32.50676757557529,77.54452121840752
243,Mandi,HP,mandi,hp,,31.654886799014186,76.98058034889657
244,Shimla,HP,shimla,hp,,31.187109346153516,77.62815471562377
245,Sirmaur,HP,sirmaur,hp,,30.673131991068157,77.43516375229242
246,Solan,HP,solan,hp,,31.050056965908553,76.93333169007856
247,Una,HP,una,hp,,31.591626278743263,76.20276440803224
248,Ambala,HR,ambala,hr,,30.31991512307618,76.89550809698632
249,Bhiwani,HR,bhiwani,hr,,28.747104843195054,75.89489709205733
250,Faridabad,HR,faridabad,hr,,28.349843411253026,77.35213130356436
251,Fatehabad,HR,fatehabad,hr,,29.578010851300828,75.58464422094487
252,Gurugram,HR,gurugram,hr,,28.35088722794709,76.93806066770921
253,Hisar,HR,hisar,hr,,29.22228708401485,75.8202910549489
254,Jhajjar,HR,jhajjar,hr,,28.58846831832361,76.62332627070617
255,Jind,HR,jind,hr,,29.464165925770928,76.31244732837386
256,Kaithal,HR,kaithal,hr,,29.854901611789884,76.4071975957269
257,Karnal,HR,karnal,hr,,29.6944831110978,76.88413463497913
258,Kurukshetra,HR,kurukshetra,hr,,30.037609364179254,76.78334440458698
259,Mahendragarh,HR,mahendragarh,hr,,28.14799661249787,76.12249377339288
260,Panchkula,HR,panchkula,hr,,30.70144346838254,76.96521719288204
261,Panipat,HR,panipat,hr,,29.34812488707535,76.93620367370087
262,Rewari,HR,rewari,hr,,28.238827773082107,76.53807844378477
263,Rohtak,HR,rohtak,hr,,28.899278369889593,76.53771398010879
264,Sirsa,HR,sirsa,hr,,29.631114500496555,74.92025971088249
265,Sonipat,HR,sonipat,hr,,29.04832334855485,76.8771305614255
266,Yamunanagar,HR,yamunanagar,hr,,30.255588931650603,77.28794071036693
267,Nuh,HR,nuh,hr,,27.96469881699373,77.05893899060642
268,Palwal,HR,palwal,hr,,28.0763465882596,77.37389688237546
269,Charki Dadri,HR,charki_dadri,hr,,28.578112171532144,76.15671717177594
270,Bokaro,JH,bokaro,jh,,23.69661150638605,85.99429543647378
271,Chatra,JH,chatra,jh,,24.117513361178123,84.93401848921071
272,Deoghar,JH,deoghar,jh,,24.321313303670337,86.75942386792616
273,Dhanbad,JH,dhanbad,jh,,23.84485816039956,86.42808321973928
274,Dumka,JH,dumka,jh,,24.30029143860782,87.24556511775516
275,East Singhbum,JH,east_singhbum,jh,,22.6057544134978,86.4962483186328
276,Garhwa,JH,garhwa,jh,,24.03975907991104,83.72657780769572
277,Giridih,JH,giridih,jh,,24.287465225527644,86.09827582042467
278,Godda,JH,godda,jh,,24.830880582792112,87.31728919814326
279,Gumla,JH,gumla,jh,,23.079574028156124,84.54448493797452
280,Hazaribagh,JH,hazaribagh,jh,,24.083378018766318,85.44347836709589
281,Jamtara,JH,jamtara,jh,,23.97231957989578,86.92884265152227
282,Koderma,JH,koderma,jh,,24.513368912033183,85.65519243979239
283,Latehar,JH,latehar,jh,,23.717040424043066,84.49940408469264
284,Lohardaga,JH,lohardaga,jh,,23.491580367867833,84.66486991428957
285,Pakur,JH,pakur,jh,,24.58922046303186,87.6776914407223
286,Palamu,JH,palamu,jh,,24.191056972774746,84.19695531369305
287,Ranchi,JH,ranchi,jh,,23.290706811486633,85.35474021071727
288,Sahebganj,JH,sahebganj,jh,,24.96322727218373,87.65807139563479
289,Saraikela Kharsawan,JH,saraikela_kharsawan,jh,,22.851282478278403,85.89693205285474
290,Simdega,JH,simdega,jh,,22.620315982555596,84.58697799018563
291,West Singhbhum,JH,west_singhbhum,jh,,22.39282763563811,85.51968554971269
292,Khunti,JH,khunti,jh,,22.972763528684823,85.26354229596579
293,Ramgarh,JH,ramgarh,jh,,23.66244768972112,85.56840417904483
294,Anantnag,JK,anantnag,jk,,33.86013447907022,75.31938779805917
295,Budgam,JK,budgam,jk,,33.926542444114986,74.6486752150836
296,Baramulla,JK,baramulla,jk,,34.154191017752744,74.29944530047601
297,Doda,JK,doda,jk,,33.08952619458523,75.76745506372448
298,Jammu,JK,jammu,jk,,32.79727807636277,74.73778557765816
299,Kathua,JK,kathua,jk,,32.578463317350156,75.55818605532264
300,Kupwara,JK,kupwara,jk,,34.491615284011736,74.14100856238882
301,Poonch,JK,poonch,jk,,33.73659127206885,74.10464304192519
302,Pulwama,JK,pulwama,jk,,33.92171127611216,74.97814966305184
303,Rajouri,JK,rajouri,jk,,33.2674616143107,74.42105224133125
304,Srinagar,JK,srinagar,jk,,34.108734097561204,74.85449751793206
305,Udhampur,JK,udhampur,jk,,32.852481334486455,75.31728380801279
306,Kishtwar,JK,kishtwar,jk,,33.566523297297614,75.99949609021668
307,Ramban,JK,ramban,jk,,33.334639527740585,75.18741418601235
308,Kulgam,JK,kulgam,jk,,33.607908300161924,74.8583673689948
309,Bandipora,JK,bandipora,jk,,34.42869763735134,74.91831928236905
310,Samba,JK,samba,jk,,32.58259317364229,75.09330252238611
311,Shopian,JK,shopian,jk,,33.738120320117076,74.83795318021829
312,Ganderbal,JK,ganderbal,jk,,34.242725266393315,75.0276173537854
313,Reasi,JK,reasi,jk,,33.21005454105009,74.77938057959184
314,Bagalkote,KA,bagalkote,ka,,16.182622458963966,75.64153403147893
315,Bengaluru Urban,KA,bengaluru_urban,ka,,12.932207566534622,77.5893039468281
316,Bengaluru Rural,KA,bengaluru_rural,ka,,13.192728941256913,77.61495140321354
317,Belagavi,KA,belagavi,ka,,16.163090632745945,74.74511323783894
318,Ballari,KA,ballari,ka,,15.096605078933711,76.49393457973976
319,Bidar,KA,bidar,ka,,17.964138301394726,77.20963259690497
320,Vijayapura,KA,vijayapura,ka,,16.83400344061828,75.9637536516444
321,Chamarajanagara,KA,chamarajanagara,ka,,11.948199052206999,77.0312305087757
322,Chikkamagaluru,KA,chikkamagaluru,ka,,13.422980184940947,75.66826021874706
323,Chitradurga,KA,chitradurga,ka,,14.275277992577792,76.57228605847577
324,Dakshina Kannada,KA,dakshina_kannada,ka,,12.81392525477069,75.26529232755514
325,Davangere,KA,davangere,ka,,14.414789187433582,75.96266927923317
326,Dharwad,KA,dharwad,ka,,15.352451732108758,75.12203747796231
327,Gadag,KA,gadag,ka,,15.513981733963975,75.6663065187135
328,Kalaburagi,KA,kalaburagi,ka,,17.24199000015255,76.86887053938389
329,Hassan,KA,hassan,ka,,12.95826580478379,76.10078601433742
330,Haveri,KA,haveri,ka,,14.732086081809893,75.39698569857056
331,Kodagu,KA,kodagu,ka,,12.401102061312113,75.77840639566061
332,Kolar,KA,kolar,ka,,13.132942165463042,78.21252978029243
333,Koppal,KA,koppal,ka,,15.637576285893402,76.17577506706532
334,Mandya,KA,mandya,ka,,12.592190857026738,76.80636223759164
335,Mysuru,KA,mysuru,ka,,12.24077718406896,76.53414212372532
336,Raichur,KA,raichur,ka,,16.08207782461997,76.89134101228542
337,Shivamogga,KA,shivamogga,ka,,14.06555220103317,75.20390558907704
338,Tumakuru,KA,tumakuru,ka,,13.451936916932715,76.95585600625347
339,Udupi,KA,udupi,ka,,13.482997892015005,74.92768374269512
340,Uttara Kannada,KA,uttara_kannada,ka,,14.77045920475689,74.61987139741323
341,Chikkaballapura,KA,chikkaballapura,ka,,13.576126000169067,77.83558430834
342,Ramanagara,KA,ramanagara,ka,,12.733067925877219,77.33263442509855
343,Yadgir,KA,yadgir,ka,,16.635912786208895,76.94843558209716
344,Alappuzha,KL,alappuzha,kl,,9.397902666175343,76.50486628014748
345,Ernakulam,KL,ernakulam,kl,,10.08370057021896,76.64572011045345
346,Idukki,KL,idukki,kl,,9.786263087048667,77.0803213210649
347,Kannur,KL,kannur,kl,,11.989116253699008,75.57435110346786
348,Kasaragod,KL,kasaragod,kl,,12.506448413492347,75.19618839747721
349,Kollam,KL,kollam,kl,,8.967383711697915,76.90259915481788
350,Kottayam,KL,kottayam,kl,,9.600007683721197,76.70011628507865
351,Kozhikode,KL,kozhikode,kl,,11.496550400505235,75.85161189751948
352,Malappuram,KL,malappuram,kl,,11.102804087801657,76.16659581706882
353,Palakkad,KL,palakkad,kl,,10.80201692712195,76.51384433760903
354,Pathanamthitta,KL,pathanamthitta,kl,,9.29367672083081,76.87173181530954
355,Thiruvananthapuram,KL,thiruvananthapuram,kl,,8.63285944616426,77.03558685613248
356,Thrissur,KL,thrissur,kl,,10.457156216792937,76.46876446434
357,Wayanad,KL,wayanad,kl,,11.714629015976657,76.08973931322798
358,Lakshadweep District,LD,lakshadweep_district,ld,,11.271931332284607,74.0450966155956
359,Kargil,LK,kargil,lk,,33.73384296162493,76.6306204151354
360,Leh Ladakh,LK,leh_ladakh,lk,,34.742187317150226,76.20481516245358
361,Ahmednagar,MH,ahmednagar,mh,,19.184026631759533,74.73904062852598
362,Akola,MH,akola,mh,,20.75961518747812,77.07357300197856
363,Amravati,MH,amravati,mh,,21.190070980337126,77.64887511487017
364,Aurangabad,MH,aurangabad,mh,,20.074416661017676,75.32143667145655
365,Beed,MH,beed,mh,,18.97030562634932,75.69419660087921
366,Bhandara,MH,bhandara,mh,,21.090292702790105,79.76227375468893
367,Buldhana,MH,buldhana,mh,,20.52314792418474,76.40176650759274
368,Chandrapur,MH,chandrapur,mh,,20.097810280782095,79.34539954818521
369,Dhule,MH,dhule,mh,,21.079591935454182,74.58169311123316
370,Gadchiroli,MH,gadchiroli,mh,,19.824042244793134,80.3108223653838
371,Gondia,MH,gondia,mh,,21.126696578013345,80.21071043133095
372,Hingoli,MH,hingoli,mh,,19.679561952017444,77.05110524873824
373,Jalgaon,MH,jalgaon,mh,,20.87760503791132,75.50983095305013
374,Jalna,MH,jalna,mh,,19.9166116781517,75.99355711609482
375,Kolhapur,MH,kolhapur,mh,,16.46769239312863,74.13776640101007
376,Latur,MH,latur,mh,,18.37867202228506,76.77652913300189
377,Mumbai Suburban,MH,mumbai_suburban,mh,,19.141444941612598,72.8625050603255
378,Nagpur,MH,nagpur,mh,,21.19217265106802,79.05293645084998
379,Nanded,MH,nanded,mh,,19.166859776341727,77.69987623302521
380,Nandurbar,MH,nandurbar,mh,,21.492861379815263,74.13699447347666
381,Nashik,MH,nashik,mh,,20.26085554899791,74.0376655467727
382,Osmanabad,MH,osmanabad,mh,,18.190612350257663,76.02116709333778
383,Parbhani,MH,parbhani,mh,,19.28482219767315,76.70579797537044
384,Pune,MH,pune,mh,,18.533851948349167,74.12849420184797
385,Raigad,MH,raigad,mh,,18.486719031198408,73.28034592277018
386,Ratnagiri,MH,ratnagiri,mh,,17.235793254746635,73.47882527721096
387,Sangli,MH,sangli,mh,,17.141992111036714,74.69790087161351
388,Satara,MH,satara,mh,,17.689527975985477,74.20750999632882
389,Sindhudurg,MH,sindhudurg,mh,,16.146674059139585,73.79517212466324
390,Solapur,MH,solapur,mh,,17.795843310981784,75.4010634411443
391,Thane,MH,thane,mh,,19.35379400348211,73.30690302627707
392,Wardha,MH,wardha,mh,,20.80273633423514,78.57870030327044
393,Washim,MH,washim,mh,,20.25303391731027,77.21874832325196
394,Yavatmal,MH,yavatmal,mh,,20.013201272216836,78.09357325319108
395,Palghar,MH,palghar,mh,,19.814820768998704,73.03773382662152
396,East Garo Hills,ML,east_garo_hills,ml,,25.636304800749496,90.60661774195809
397,East Khasi Hills,ML,east_khasi_hills,ml,,25.384127888932394,91.79452642584357
398,West Jaintia Hills,ML,west_jaintia_hills,ml,,25.444000525875794,92.28051081942553
399,Ri Bhoi,ML,ri_bhoi,ml,,25.887397676620278,91.84338152775851
400,South Garo Hills,ML,south_garo_hills,ml,,25.30077384629364,90.58679873233751
401,West Garo Hills,ML,west_garo_hills,ml,,25.60338435817874,90.17200781606553
402,West Khasi Hills,ML,west_khasi_hills,ml,,25.576251935943347,91.25768187455547
403,North Garo Hills,ML,north_garo_hills,ml,,25.879017283454374,90.69933406701278
404,East Jaintia Hills,ML,east_jaintia_hills,ml,,25.246429104223196,92.47527187619848
405,South West Khasi Hills,ML,south_west_khasi_hills,ml,,25.328584648246714,91.23942945472582
406,South West Garo Hills,ML,south_west_garo_hills,ml,,25.441315488159585,89.97192751205905
407,Imphal East,MN,imphal_east,mn,,24.88710611083622,94.03575774031852
408,Imphal West,MN,imphal_west,mn,,24.731163132861635,93.87741118414137
409,Saiha,MZ,saiha,mz,,22.284696300191218,93.01015448264803
410,Serchhip,MZ,serchhip,mz,,23.286306648525418,92.9393650557696
411,Dimapur,NL,dimapur,nl,,25.822881619117148,93.79559455992556
412,Kohima,NL,kohima,nl,,25.78874393236779,94.12372238466827
413,Mokokchung,NL,mokokchung,nl,,26.45750901997704,94.52667789044847
414,Mon,NL,mon,nl,,26.64966667298631,94.99363917268319
415,Phek,NL,phek,nl,,25.66476142843031,94.54465624196911
416,Bishnupur,MN,bishnupur,mn,,24.54356447338337,93.81062514884204
417,Chandel,MN,chandel,mn,,24.16875088443156,93.93978862498125
418,Churachandpur,MN,churachandpur,mn,,24.263181671975715,93.64469456641037
419,Senapati,MN,senapati,mn,,25.457868613728362,94.140856977356
420,Tamenglong,MN,tamenglong,mn,,25.091936025673135,93.5199539569086
421,Noney,MN,noney,mn,,24.61831062162758,93.37671360044608
422,Pherzawl,MN,pherzawl,mn,,24.357288143822743,93.16828803418439
423,Tuensang,NL,tuensang,nl,,26.178854364771215,94.88259871255768
424,Thoubal,MN,thoubal,mn,,24.63232363134384,94.02458357057637
425,Ukhrul,MN,ukhrul,mn,,25.32707165416698,94.4740129852761
426,Rajgarh,MP,rajgarh,mp,,23.86608659503866,76.69411376244894
427,Ratlam,MP,ratlam,mp,,23.50065816807807,75.09900465766455
428,Rewa,MP,rewa,mp,,24.811356729601744,81.6428184470951
429,Sagar,MP,sagar,mp,,23.86431610779707,78.74845170653663
430,Satna,MP,satna,mp,,24.595401189234895,80.7452143637837
431,Sehore,MP,sehore,mp,,23.007236460493854,77.16479101672634
432,Seoni,MP,seoni,mp,,22.325551669298367,79.65225437428876
433,Shahdol,MP,shahdol,mp,,23.57691623247242,81.51354655397773
434,Shajapur,MP,shajapur,mp,,23.404630104205008,76.52521240515532
435,Kakching,MN,kakching,mn,,24.39554627606591,93.92273942010407
436,Kangpokpi,MN,kangpokpi,mn,,24.922385715365593,94.01166876585644
437,Jiribam,MN,jiribam,mn,,24.72427073529687,93.13518156349382
438,Sheopur,MP,sheopur,mp,,25.78246682483787,77.15872098028005
439,Shivpuri,MP,shivpuri,mp,,25.357228777882206,77.76601808737527
440,Sidhi,MP,sidhi,mp,,24.202261342150198,81.88728288768876
441,Tikamgarh,MP,tikamgarh,mp,,24.89955767050933,79.00182023261044
442,Ujjain,MP,ujjain,mp,,23.305908855550168,75.72360433070502
443,Umaria,MP,umaria,mp,,23.57941820009937,80.95453439795678
444,Vidisha,MP,vidisha,mp,,23.869680810177947,77.82245379215367
445,Singrauli,MP,singrauli,mp,,24.230484486454138,82.42825555069614
446,Alirajpur,MP,alirajpur,mp,,22.349066924348456,74.34163018792825
447,Agar Malwa,MP,agar_malwa,mp,,23.866451566794343,76.0463017747113
448,Niwari,MP,niwari,mp,,25.34501136399925,78.7826711888319
449,Aizawl,MZ,aizawl,mz,,23.81943475600652,92.87818453363157
450,Champhai,MZ,champhai,mz,,23.527750671845066,93.23388877657771
451,Kolasib,MZ,kolasib,mz,,24.153035873229765,92.72776694220354
452,Lawngtlai,MZ,lawngtlai,mz,,22.38046383917511,92.69784580428286
453,Lunglei,MZ,lunglei,mz,,22.955727023060085,92.72590435921265
454,Mamit,MZ,mamit,mz,,23.75311577437128,92.46881535370967
455,Tengnoupal,MN,tengnoupal,mn,,24.477794504835583,94.2151272026749
456,Barwani,MP,barwani,mp,,21.73920589943097,75.12351633602543
457,Betul,MP,betul,mp,,21.877768346498872,77.80786440833172
458,Bhind,MP,bhind,mp,,26.35387267226838,78.72710374798481
459,Bhopal,MP,bhopal,mp,,23.472285422523985,77.38913984791438
460,Burhanpur,MP,burhanpur,mp,,21.376209653251088,76.35202382631313
461,Chhatarpur,MP,chhatarpur,mp,,24.787823051603535,79.57057539951637
462,Chhindwara,MP,chhindwara,mp,,22.176032879952874,78.84484551178517
463,Damoh,MP,damoh,mp,,23.839053062603984,79.49610464634273
464,Datia,MP,datia,mp,,25.841536262449512,78.60995648275967
465,Dewas,MP,dewas,mp,,22.82176138545652,76.40634054838658
466,Dhar,MP,dhar,mp,,22.560374378309625,75.10790321438336
467,Dindori,MP,dindori,mp,,22.851545097522443,81.09318931072261
468,East Nimar,MP,east_nimar,mp,,21.948415967721278,76.55563045301905
469,Guna,MP,guna,mp,,24.500344868294416,77.22357477425761
470,Gwalior,MP,gwalior,mp,,26.052781855220434,78.15244139253451
471,Mandsaur,MP,mandsaur,mp,,24.217768972810333,75.43222840563801
472,Morena,MP,morena,mp,,26.367492574364878,77.88889082402788
473,Narsinghpur,MP,narsinghpur,mp,,22.9189404965599,79.06040997669344
474,Neemuch,MP,neemuch,mp,,24.666495858015836,75.09092424111472
475,Panna,MP,panna,mp,,24.44939155325941,80.2473970277775
476,Raisen,MP,raisen,mp,,23.311523696870932,78.11920432977004
477,Wokha,NL,wokha,nl,,26.214157337324195,94.2163316825002
478,Zunheboto,NL,zunheboto,nl,,25.980426024929024,94.47293496626601
479,Peren,NL,peren,nl,,25.504213997972226,93.58512500183583
480,Kiphire,NL,kiphire,nl,,25.828813612149233,94.81686031815707
481,Longleng,NL,longleng,nl,,26.581298253620496,94.80168333870252
482,Anugul,OD,anugul,od,,21.11579688692541,84.98734322633983
483,Balangir,OD,balangir,od,,20.618830524157627,83.21300163299512
484,Baleshwar,OD,baleshwar,od,,21.53666763068209,86.9338925968907
485,Bargarh,OD,bargarh,od,,21.166108809769568,83.26203219131834
486,Bhadrak,OD,bhadrak,od,,21.010913861830772,86.57118093842028
487,Boudh,OD,boudh,od,,20.59007899705866,84.16577025596706
488,Cuttack,OD,cuttack,od,,20.413062138341168,85.76300803713693
489,Deogarh,OD,deogarh,od,,21.43930101992154,84.78202666084276
490,Dhenkanal,OD,dhenkanal,od,,20.814701172903092,85.53014798722182
491,Gajapati,OD,gajapati,od,,19.17234903911408,84.17176363814907
492,Ganjam,OD,ganjam,od,,19.553737066182308,84.5391756680604
493,Jagatsinghapur,OD,jagatsinghapur,od,,20.23634412095255,86.29945206549837
494,Jajapur,OD,jajapur,od,,20.864813516560268,86.1478542406361
495,Jharsuguda,OD,jharsuguda,od,,21.819494516854345,83.93670113129667
496,Kalahandi,OD,kalahandi,od,,19.79242748621665,83.11485705466959
497,Kandhamal,OD,kandhamal,od,,20.086638037718554,84.0458736562145
498,Kendrapara,OD,kendrapara,od,,20.560876142586924,86.57206942159166
499,Kendujhar,OD,kendujhar,od,,21.508806559593637,85.7500148580763
500,Khordha,OD,khordha,od,,20.09731543693296,85.5552276200537
501,Koraput,OD,koraput,od,,18.802031150316857,82.79206549956466
502,Malkangiri,OD,malkangiri,od,,18.269142813414263,81.98973396378368
503,Mayurbhanj,OD,mayurbhanj,od,,21.88572674619964,86.40290622423345
504,Nabarangpur,OD,nabarangpur,od,,19.52246132777925,82.4033203074189
505,Nayagarh,OD,nayagarh,od,,20.19971934808829,85.04043177141466
506,Nuapada,OD,nuapada,od,,20.485869703962415,82.60123223639712
507,Puri,OD,puri,od,,19.984642008532433,85.77029256072436
508,Rayagada,OD,rayagada,od,,19.320901745183065,83.46174219389319
509,Sambalpur,OD,sambalpur,od,,21.520217946736057,84.3543125176915
510,Sonepur,OD,sonepur,od,,20.91356580992002,83.7800745258145
511,Sundargarh,OD,sundargarh,od,,22.06810994016087,84.50104399500071
512,Amritsar,PB,amritsar,pb,,31.71404186202119,74.90873268674297
513,Bathinda,PB,bathinda,pb,,30.18717064095112,75.05496641749691
514,Faridkot,PB,faridkot,pb,,30.592683011685,74.79964604571332
515,Fatehgarh Sahib,PB,fatehgarh_sahib,pb,,30.639478426353907,76.35192279795993
516,Ferozepur,PB,ferozepur,pb,,30.943644462083483,74.7638326868486
517,Gurdaspur,PB,gurdaspur,pb,,31.929507993716353,75.25429755731895
518,Hoshiarpur,PB,hoshiarpur,pb,,31.551117111654243,75.88813615259775
519,Jalandhar,PB,jalandhar,pb,,31.25283513691541,75.54845628578416
520,Kapurthala,PB,kapurthala,pb,,31.37801497501729,75.35132768086726
521,Ludhiana,PB,ludhiana,pb,,30.78012181226074,75.83011964984796
522,Mansa,PB,mansa,pb,,29.883240974981128,75.43862412987185
523,Moga,PB,moga,pb,,30.774742510090825,75.17899374704439
524,Sri Muktsar Sahib,PB,sri_muktsar_sahib,pb,,30.317201527940316,74.55821665305085
525,Shahid Bhagat Singh Nagar,PB,shahid_bhagat_singh_nagar,pb,,31.130430389665374,76.13294006308456
526,Patiala,PB,patiala,pb,,30.24975147902296,76.34826228167925
527,Rupnagar,PB,rupnagar,pb,,31.094043393888665,76.48687733548813
528,Sangrur,PB,sangrur,pb,,30.211234422722967,75.88393844750962
529,Barnala,PB,barnala,pb,,30.384194102973986,75.50189106615136
530,S.A.S Nagar,PB,s.a.s_nagar,pb,,30.648720070832567,76.76237896300364
531,Tarn Taran,PB,tarn_taran,pb,,31.349853216919893,74.82362920421497
532,Fazilka,PB,fazilka,pb,,30.44114645434561,74.24056621707113
533,Pathankot,PB,pathankot,pb,,32.29071405011282,75.59688096045218
534,Karaikal,PY,karaikal,py,,10.926526908185282,79.79042067898833
535,Mahe,PY,mahe,py,,11.734067117408168,75.54023632736914
536,Ajmer,RJ,ajmer,rj,,26.22750966712449,74.75957960114295
537,Alwar,RJ,alwar,rj,,27.587285220019922,76.65112232955292
538,Banswara,RJ,banswara,rj,,23.452876334892693,74.4238268626216
539,Baran,RJ,baran,rj,,24.99181609218793,76.84131906540216
540,Barmer,RJ,barmer,rj,,25.81569527630488,71.74971490735757
541,Bharatpur,RJ,bharatpur,rj,,27.299643833339378,77.2501684183734
542,Bhilwara,RJ,bhilwara,rj,,25.42699445228497,74.68857786695078
543,Bikaner,RJ,bikaner,rj,,28.101960961763577,73.43221837358281
544,Bundi,RJ,bundi,rj,,25.51138810679072,75.8276221411535
545,Chittorgarh,RJ,chittorgarh,rj,,24.80749572862005,74.6224553726553
546,Churu,RJ,churu,rj,,28.276136471097264,74.67073660772665
547,Dausa,RJ,dausa,rj,,26.879947318752684,76.55054210389957
548,Dholpur,RJ,dholpur,rj,,26.722862703810158,77.76683901918034
549,Dungarpur,RJ,dungarpur,rj,,23.72017465130576,73.83727507011622
550,Ganganagar,RJ,ganganagar,rj,,29.302455534146997,73.73031292339157
551,Hanumangarh,RJ,hanumangarh,rj,,29.206951733679333,74.63073606084166
552,Sikar,RJ,sikar,rj,,27.65333717109362,75.2916568126154
553,Sirohi,RJ,sirohi,rj,,24.799849075883724,72.75157631623428
554,Tonk,RJ,tonk,rj,,26.11406029749469,75.74758664133155
555,Udaipur,RJ,udaipur,rj,,24.465723203943554,73.71670656068426
556,Pratapgarh,RJ,pratapgarh,rj,,24.027968083253988,74.64750810115187
557,Gangtok,SK,gangtok,sk,,27.280795316762557,88.6941010846928
558,Mangan,SK,mangan,sk,,27.784082710846114,88.53017739479614
559,Namchi,SK,namchi,sk,,27.263707495293467,88.38553967139978
560,Gyalshing,SK,gyalshing,sk,,27.332193727113548,88.165037528383
561,Pudukkottai,TN,pudukkottai,tn,,10.354551730369103,78.85943821066276
562,Ramanathapuram,TN,ramanathapuram,tn,,9.518014235963147,78.74322800980438
563,Salem,TN,salem,tn,,11.658711271217019,78.2495874043878
564,Sivaganga,TN,sivaganga,tn,,9.941033748387154,78.57156122124518
565,Thanjavur,TN,thanjavur,tn,,10.669414869088612,79.25482889080888
566,The Nilgiris,TN,the_nilgiris,tn,,11.468634675632174,76.66162704773569
567,Theni,TN,theni,tn,,9.907225015697966,77.43140200849125
568,Thiruvallur,TN,thiruvallur,tn,,13.210252274759466,79.75982776383839
569,Thiruvarur,TN,thiruvarur,tn,,10.727021213404898,79.53855198557925
570,Chennai,TN,chennai,tn,,13.067484023324441,80.2451880323831
571,Coimbatore,TN,coimbatore,tn,,10.864468573477547,76.97799386149626
572,Cuddalore,TN,cuddalore,tn,,11.590127167898412,79.42847617326082
573,Dharmapuri,TN,dharmapuri,tn,,12.11734921930707,78.21397236702131
574,Dindigul,TN,dindigul,tn,,10.396434811611918,77.82580966110612
575,Erode,TN,erode,tn,,11.481706801901993,77.38496212965586
576,Kanchipuram,TN,kanchipuram,tn,,12.839557062100724,79.85298277214227
577,Kanniyakumari,TN,kanniyakumari,tn,,8.328230750132665,77.36940275324777
578,Karur,TN,karur,tn,,10.800682449378971,78.1032574438518
579,Krishnagiri,TN,krishnagiri,tn,,12.469755712095917,78.06300587628559
580,Madurai,TN,madurai,tn,,9.93101237551575,78.05418848079493
581,Nagapattinam,TN,nagapattinam,tn,,10.68307191294654,79.71770969584773
582,Namakkal,TN,namakkal,tn,,11.348522786940462,78.14655300990464
583,Perambalur,TN,perambalur,tn,,11.272088583374718,78.87364766432809
584,Tiruchirappalli,TN,tiruchirappalli,tn,,10.839369375644745,78.55035771985203
585,Tirunelveli,TN,tirunelveli,tn,,8.579933625752824,77.58591625941747
586,Tiruvannamalai,TN,tiruvannamalai,tn,,12.45444528469214,79.24931072309262
587,Tuticorin,TN,tuticorin,tn,,8.90506496226869,77.94116397873422
588,Vellore,TN,vellore,tn,,12.905204644204009,78.99344913784415
589,Villupuram,TN,villupuram,tn,,12.137603651059994,79.53275932490799
590,Virudhunagar,TN,virudhunagar,tn,,9.49622628791875,77.95714025469506
591,Ariyalur,TN,ariyalur,tn,,11.189620085797413,79.2256241815417
592,Tiruppur,TN,tiruppur,tn,,10.862377390554894,77.39825796168573
593,Kallakurichi,TN,kallakurichi,tn,,11.80955328048468,79.0738665366667
594,Chengalpattu,TN,chengalpattu,tn,,12.597757003955008,79.93184827718072
595,Ranipet,TN,ranipet,tn,,12.939226352104264,79.47315489448302
596,Tirupathur,TN,tirupathur,tn,,12.612265244486263,78.66334042847403
597,Tenkasi,TN,tenkasi,tn,,9.094081434189109,77.47978349968025
598,Dhalai,TR,dhalai,tr,,23.80612022282758,91.92609105265961
599,North Tripura,TR,north_tripura,tr,,24.0950853118064,92.2062810936251
600,South Tripura,TR,south_tripura,tr,,23.189825214543784,91.57607078350397
601,West Tripura,TR,west_tripura,tr,,23.89432042281482,91.40897483455947
602,Khowai,TR,khowai,tr,,23.94835375956913,91.65991236165794
603,Sepahijala,TR,sepahijala,tr,,23.577627090290193,91.34602246237439
604,Gomati,TR,gomati,tr,,23.43541291704879,91.66006722520135
605,Unakoti,TR,unakoti,tr,,24.199725737530787,92.05696021868896
606,Adilabad,TS,adilabad,ts,,19.53566612302141,78.57840180357081
607,Hyderabad,TS,hyderabad,ts,,17.399953200841505,78.46431814291613
608,Karimnagar,TS,karimnagar,ts,,18.38903919760718,79.23731328995021
609,Khammam,TS,khammam,ts,,17.146775271926558,80.3882563995584
610,Mahabubnagar,TS,mahabubnagar,ts,,16.731701475542142,78.00891587630507
611,Medak,TS,medak,ts,,17.962497593870392,78.24125033740886
612,Nalgonda,TS,nalgonda,ts,,16.877872776863114,79.11165646153297
613,Nizamabad,TS,nizamabad,ts,,18.724406004736146,78.18386826269254
614,Ranga Reddy,TS,ranga_reddy,ts,,17.150872073925182,78.40909418963385
615,Warangal,TS,warangal,ts,,17.932376898800946,79.7254747190792
616,Nirmal,TS,nirmal,ts,,19.123080580667597,78.31103588110368
617,Jagitial,TS,jagitial,ts,,18.81944291092388,78.91302388092588
618,Peddapalli,TS,peddapalli,ts,,18.63780284742622,79.46037088016796
619,Rajanna Sircilla,TS,rajanna_sircilla,ts,,18.389091662697822,78.77655921635007
620,Mancherial,TS,mancherial,ts,,19.027526368203585,79.46982971496742
621,Kamareddy,TS,kamareddy,ts,,18.299927136517137,78.02214702688278
622,Hanumakonda,TS,hanumakonda,ts,,18.05133845599287,79.48535550372239
623,Jayashankar Bhupalapally,TS,jayashankar_bhupalapally,ts,,18.50033413903726,79.89698691672287
624,Mahabubabad,TS,mahabubabad,ts,,17.658625421252093,79.96067869710302
625,Jangoan,TS,jangoan,ts,,17.74801964342624,79.27430339321957
626,Bhadradri Kothagudem,TS,bhadradri_kothagudem,ts,,17.641145962353743,80.78937124535487
627,Sangareddy,TS,sangareddy,ts,,17.79783013479369,77.87306238401457
628,Siddipet,TS,siddipet,ts,,18.051296033064798,78.8764484873998
629,Wanaparthy,TS,wanaparthy,ts,,16.3263957777589,78.04678328544796
630,Nagarkurnool,TS,nagarkurnool,ts,,16.410321081601086,78.58425134032646
631,Jogulamba Gadwal,TS,jogulamba_gadwal,ts,,16.055356267360118,77.81109290445569
632,Suryapet,TS,suryapet,ts,,17.12795257394415,79.75172021110117
633,Yadadri Bhuvanagiri,TS,yadadri_bhuvanagiri,ts,,17.416069388536734,79.00195287454441
634,Vikarabad,TS,vikarabad,ts,,17.211838273044506,77.75456741648277
635,Kumuram Bheem Asifabad,TS,kumuram_bheem_asifabad,ts,,19.3477590812788,79.41429439864467
636,Medchal Malkajgiri,TS,medchal_malkajgiri,ts,,17.53372368462276,78.55635071951518
637,Mulugu,TS,mulugu,ts,,18.284420832987795,80.33196822898587
638,Narayanpet,TS,narayanpet,ts,,16.680391146471266,77.56346163865057
639,Almora,UK,almora,uk,,29.681320521731156,79.49431783666846
640,Bageshwar,UK,bageshwar,uk,,29.973123088741918,79.85918386333418
641,Chamoli,UK,chamoli,uk,,30.47695013097607,79.54759195201834
642,Champawat,UK,champawat,uk,,29.28332165458489,80.035515672953
643,Dehradun,UK,dehradun,uk,,30.502925532897926,77.95980458921153
644,Haridwar,UK,haridwar,uk,,29.889040149830294,77.98692809817128
645,Nainital,UK,nainital,uk,,29.329816765996686,79.5085467892478
646,Pauri Garhwal,UK,pauri_garhwal,uk,,29.931767659267358,78.797926925762
647,Pithoragarh,UK,pithoragarh,uk,,30.078120877923137,80.28435274201468
648,Rudra Prayag,UK,rudra_prayag,uk,,30.482532807494536,79.06288311065576
649,Tehri Garhwal,UK,tehri_garhwal,uk,,30.460718775613916,78.49440480805507
650,Udam Singh Nagar,UK,udam_singh_nagar,uk,,29.038052564510046,79.43058312398666
651,Uttar Kashi,UK,uttar_kashi,uk,,30.92375059474041,78.58939474769872
652,Agra,UP,agra,up,,27.028225452030718,78.07110905957383
653,Aligarh,UP,aligarh,up,,27.920073257704452,78.03416794278688
654,Prayagraj,UP,prayagraj,up,,25.326760774759414,81.93771198467448
655,Ambedkar Nagar,UP,ambedkar_nagar,up,,26.3813144913564,82.67856454203316
656,Auraiya,UP,auraiya,up,,26.67801744251912,79.47423034861848
657,Azamgarh,UP,azamgarh,up,,26.04131828860026,83.05379599070342
658,Baghpat,UP,baghpat,up,,29.04269224869088,77.32279681366805
659,Bahraich,UP,bahraich,up,,27.650517449306054,81.55506869815788
660,Ballia,UP,ballia,up,,25.861375071505485,84.04371749954548
661,Balrampur,UP,balrampur,up,,27.39984971263201,82.40900218268146
662,Banda,UP,banda,up,,25.335700600358397,80.51231433905798
663,Barabanki,UP,barabanki,up,,26.942176967739094,81.3243604272622
664,Bareilly,UP,bareilly,up,,28.47629504109577,79.44623689986068
665,Basti,UP,basti,up,,26.855626609414074,82.66875246237656
666,Bijnor,UP,bijnor,up,,29.338398773661044,78.43483331327621
667,Budaun,UP,budaun,up,,28.083916530355943,79.06582466601031
668,Bulandshahr,UP,bulandshahr,up,,28.320975113191395,77.96844521655032
669,Chandauli,UP,chandauli,up,,25.100945396054982,83.2619117960053
670,Chitrakoot,UP,chitrakoot,up,,25.161552212205027,81.05683008862967
671,Deoria,UP,deoria,up,,26.430484687953506,83.82758558502134
672,Etah,UP,etah,up,,27.50455022139821,78.74259993772675
673,Etawah,UP,etawah,up,,26.763221888068315,79.08187291011042
674,Ayodhya,UP,ayodhya,up,,26.638977574634083,81.97211743878688
675,Farrukhabad,UP,farrukhabad,up,,27.42243147828428,79.45737122241702
676,Fatehpur,UP,fatehpur,up,,25.867904074005903,80.80403688648155
677,Firozabad,UP,firozabad,up,,27.182096899017708,78.53256589035472
678,Gautam Buddha Nagar,UP,gautam_buddha_nagar,up,,28.36118059497527,77.55003569582445
679,Ghaziabad,UP,ghaziabad,up,,28.76409704062858,77.4572108014361
680,Ghazipur,UP,ghazipur,up,,25.62744774849004,83.54297619233677
681,Gonda,UP,gonda,up,,27.110128359960214,82.10709269346151
682,Gorakhpur,UP,gorakhpur,up,,26.71196661479689,83.33981367224868
683,Hamirpur,UP,hamirpur,up,,25.742740978467868,79.8443032778329
684,Hardoi,UP,hardoi,up,,27.331871917228348,80.21251455071108
685,Jalaun,UP,jalaun,up,,26.068334525803362,79.36381242478612
686,Jaunpur,UP,jaunpur,up,,25.757604361004713,82.59642658690609
687,Jhansi,UP,jhansi,up,,25.44747288158778,78.87507284882413
688,Amroha,UP,amroha,up,,28.81920677432761,78.35876038919699
689,Kannauj,UP,kannauj,up,,27.017554189448713,79.65721003793259
690,Kanpur Dehat,UP,kanpur_dehat,up,,26.46259322261362,79.90770716946312
691,Kanpur Nagar,UP,kanpur_nagar,up,,26.432371819622922,80.16549478552383
692,Kaushambi,UP,kaushambi,up,,25.524226528353196,81.4131748761675
693,Kheri,UP,kheri,up,,28.043542429465987,80.63850771466045
694,Kushi Nagar,UP,kushi_nagar,up,,26.88129806171325,83.92721367997109
695,Lalitpur,UP,lalitpur,up,,24.592287379473163,78.61234811787374
696,Lucknow,UP,lucknow,up,,26.83960930889651,80.89337344620246
697,Hathras,UP,hathras,up,,27.583786481704045,78.1694887896387
698,Maharajganj,UP,maharajganj,up,,27.1413360091984,83.47930743470425
699,Mahoba,UP,mahoba,up,,25.35706507130805,79.72638117681602
700,Mainpuri,UP,mainpuri,up,,27.178475576071033,79.0409382824512
701,Mathura,UP,mathura,up,,27.561606461475975,77.66377622620199
702,Mau,UP,mau,up,,26.01316647742548,83.55301899911515
703,Meerut,UP,meerut,up,,29.03722937136372,77.7721336933261
704,Mirzapur,UP,mirzapur,up,,24.95529394420476,82.56375459534907
705,Moradabad,UP,moradabad,up,,28.87902882121111,78.78400042855225
706,Muzaffarnagar,UP,muzaffarnagar,up,,29.426274905529446,77.71171994184206
707,Pilibhit,UP,pilibhit,up,,28.475381329473734,79.94596637569906
708,Pratapgarh,UP,pratapgarh,up,,25.882929907092592,81.85186529094614
709,Rae Bareli,UP,rae_bareli,up,,26.218759471287957,81.19393515181628
710,Rampur,UP,rampur,up,,28.81224267503279,79.10528083585729
711,Saharanpur,UP,saharanpur,up,,29.948739169463476,77.56154527130666
712,Sant Kabeer Nagar,UP,sant_kabeer_nagar,up,,26.805398484106234,83.03657782023967
713,Bhadohi,UP,bhadohi,up,,25.37014720342433,82.44713008694195
714,Shahjahanpur,UP,shahjahanpur,up,,27.964927206911295,79.84045134652686
715,Shravasti,UP,shravasti,up,,27.678227746478917,81.87542420914967
716,Dinajpur Uttar,WB,dinajpur_uttar,wb,,25.914151738123014,88.17847000055487
717,Hooghly,WB,hooghly,wb,,22.88654192695939,88.00726312910115
718,Howrah,WB,howrah,wb,,22.571422097723243,88.06160012309633
719,Jalpaiguri,WB,jalpaiguri,wb,,26.59411427878318,88.74222719010564
720,Kolkata,WB,kolkata,wb,,22.51799362141647,88.35169914138588
721,Maldah,WB,maldah,wb,,25.155950207344514,88.13950163250786
722,Medinipur East,WB,medinipur_east,wb,,22.19180113187933,87.8259822757311
723,Medinipur West,WB,medinipur_west,wb,,22.393796114245177,87.43270233865279
724,Murshidabad,WB,murshidabad,wb,,24.218189286748352,88.12537698270903
725,Nadia,WB,nadia,wb,,23.52113472527458,88.54515172781655
726,Purulia,WB,purulia,wb,,23.2599523315973,86.40459982985898
727,Alipurduar,WB,alipurduar,wb,,26.59449079747575,89.51168942985143
728,Kalimpong,WB,kalimpong,wb,,27.040912621370385,88.63487281368411
729,Jhargram,WB,jhargram,wb,,22.353431705374312,86.96125941891425
730,Paschim Bardhaman,WB,paschim_bardhaman,wb,,23.662025717849318,87.17633540331371
731,Mirpur,JK,mirpur,jk,,33.21610989810065,73.94208756022638
732,Muzaffarabad,JK,muzaffarabad,jk,,34.505386077979516,73.93097419138708
733,Mumbai,MH,mumbai,mh,,18.97284757067421,72.83342056674924
